PLAYER,TEAM,AGE,HEIGHT,WEIGHT,COLLEGE,COUNTRY,DRAFT YEAR,DRAFT ROUND,DRAFT NUMBER,GP,PTS,REB,AST,NETRTG,OREB%,DREB%,USG%,TS%,AST%
A.J. Lawson,DAL,22,6-6,179,South Carolina,Canada,Undrafted,Undrafted,Undrafted,15,3.7,1.4,0.1,-20.1,4.6,15.2,18.9,58.9,3.2
AJ Green,MIL,23,6-5,190,Northern Iowa,USA,Undrafted,Undrafted,Undrafted,35,4.4,1.3,0.6,-4.9,1.6,10.5,15.9,60.7,9.2
AJ Griffin,ATL,19,6-6,220,Duke,USA,2022,1,16,72,8.9,2.1,1,1.5,2.6,8,17.4,57.7,7
Aaron Gordon,DEN,27,6-8,235,Arizona,USA,2014,1,4,68,16.3,6.6,3,12.1,8.6,13.6,20.6,61.7,12.9
Aaron Holiday,ATL,26,6-0,185,UCLA,USA,2018,1,23,63,3.9,1.2,1.4,0.9,2.8,5.9,12.9,52.8,13.5
Aaron Nesmith,IND,23,6-5,215,Vanderbilt,USA,2020,1,14,73,10.1,3.8,1.3,-4.7,3.3,11.9,16.8,56.6,7.3
Aaron Wiggins,OKC,24,6-5,190,Maryland,USA,2021,2,55,70,6.8,3,1.1,1.5,5,10.9,14.3,60.7,8.4
Admiral Schofield,ORL,26,6-5,241,Tennessee,United Kingdom,2019,2,42,37,4.2,1.7,0.8,-8.3,4.7,9.2,13.9,58.7,10.3
Al Horford,BOS,37,6-9,240,Florida,Dominican Republic,2007,1,3,63,9.8,6.2,3,7.8,3.9,15.9,11.9,63.1,12.8
Alec Burks,DET,31,6-6,214,Colorado,USA,2011,1,12,51,12.8,3.1,2.2,-1,1.7,12.4,21.8,60.2,15
Aleksej Pokusevski,OKC,21,7-0,210,None,Serbia,2020,1,17,34,8.1,4.7,1.9,-12.7,5.8,16,17.9,52.2,13
Alex Caruso,CHI,29,6-5,186,Texas A&M,USA,Undrafted,Undrafted,Undrafted,67,5.6,2.9,2.9,6.1,2.8,9.9,10.9,58.8,15.5
Alex Len,SAC,29,7-2,250,Maryland,Ukraine,2013,1,5,26,1.7,2.3,0.5,6.6,14.3,19.4,13.2,58,9.9
Alize Johnson,SAS,27,6-8,212,Missouri State,USA,2018,2,50,4,1.8,2.5,0.3,19,6.3,21.1,14.5,50.9,4.2
Alondes Williams,BKN,23,6-4,210,Wake Forest,USA,Undrafted,Undrafted,Undrafted,1,0,1,0,-53,0,25,14.3,0,0
Alperen Sengun,HOU,20,6-11,243,None,Turkey,2021,1,16,75,14.8,9,3.9,-7.8,10.7,20.4,21.1,59.9,19.9
Amir Coffey,LAC,25,6-7,210,Minnesota,USA,Undrafted,Undrafted,Undrafted,50,3.4,1.1,1.1,-8.9,2.6,5.5,12.8,49.8,11.9
Andre Drummond,CHI,29,6-11,279,Connecticut,USA,2012,1,9,67,6,6.6,0.5,2.6,16,35.3,19.6,60.6,5.7
Andre Iguodala,GSW,39,6-6,215,Arizona,USA,2004,1,9,8,2.1,2.1,2.4,12,2.7,11.3,8.9,52.1,18.3
Andrew Nembhard,IND,23,6-3,191,Gonzaga,Canada,2022,2,31,75,9.5,2.7,4.5,-5.9,1.6,7.8,15.9,52.8,22.2
Andrew Wiggins,GSW,28,6-7,197,Kansas,Canada,2014,1,1,37,17.1,5,2.3,5.2,5,10.1,21.2,56.4,10
Anfernee Simons,POR,23,6-3,181,None,USA,2018,1,24,62,21.1,2.6,4.1,-1.6,0.8,6.7,24.7,58.1,18.6
Anthony Davis,LAL,30,6-10,253,Kentucky,USA,2012,1,1,56,25.9,12.5,2.6,4.8,10.2,24.8,27.7,62.7,12.8
Anthony Edwards,MIN,21,6-4,225,Georgia,USA,2020,1,1,79,24.6,5.8,4.4,1.9,1.7,13.9,29.2,56.4,19.2
Anthony Gill,WAS,30,6-8,230,Virginia,USA,Undrafted,Undrafted,Undrafted,59,3.3,1.7,0.6,-0.8,5.8,10,11.6,60.4,7.4
Anthony Lamb,GSW,25,6-6,227,Vermont,USA,Undrafted,Undrafted,Undrafted,62,6.7,3.5,1.5,1.7,4.7,12.9,13.6,61,11.1
Austin Reaves,LAL,25,6-5,197,Oklahoma,USA,Undrafted,Undrafted,Undrafted,64,13,3,3.4,4.9,1.8,7.9,15.4,68.7,15.5
Austin Rivers,MIN,30,6-4,200,Duke,USA,2012,1,10,52,4.9,1.6,1.4,-4.9,0.5,7.8,10.4,56.4,9.5
Ayo Dosunmu,CHI,23,6-5,200,Illinois,USA,2021,2,38,80,8.6,2.8,2.6,-1.3,2.2,8.1,14.5,56.7,13.5
Bam Adebayo,MIA,25,6-9,255,Kentucky,USA,2017,1,14,75,20.4,9.2,3.2,1.8,7.3,20.6,25.1,59.2,15.4
Ben Simmons,BKN,26,6-10,240,Louisiana State,Australia,2016,1,1,42,6.9,6.3,6.1,2.1,4,18.6,14.2,55.9,29.5
Bennedict Mathurin,IND,20,6-5,210,Arizona,Canada,2022,1,6,78,16.7,4.1,1.5,-4.3,3.7,10.3,23.5,56.6,7.8
Bismack Biyombo,PHX,30,6-8,255,None,DRC,2011,1,7,61,4.3,4.3,0.9,3.1,9.3,18.4,13.6,55.5,8.9
Blake Griffin,BOS,34,6-9,250,Oklahoma,USA,2009,1,1,41,4.1,3.8,1.5,9.9,7.9,19.5,12.5,59,14.2
Blake Wesley,SAS,20,6-4,185,Notre Dame,USA,2022,1,25,37,5,2.2,2.6,-13.4,1.6,10.1,18,39.3,20.1
Boban Marjanovic,HOU,34,7-4,290,None,Serbia,Undrafted,Undrafted,Undrafted,31,3.3,1.9,0.3,18.5,12.1,22.6,20.6,71,7.9
Bobby Portis,MIL,28,6-11,250,Arkansas,USA,2015,1,22,70,14.1,9.6,1.5,-0.1,8,26.3,21.1,57.5,8.7
Bogdan Bogdanovic,ATL,30,6-5,225,None,Serbia,2014,1,27,54,14,3.1,2.8,1.2,1.5,9.3,19.6,58.6,13.4
Bojan Bogdanovic,DET,34,6-7,226,None,Croatia,2011,2,31,59,21.6,3.8,2.6,-8.2,1.8,9.9,25.1,62.7,13.3
Bol Bol,ORL,23,7-2,220,Oregon,Sudan,2019,2,44,70,9.1,5.8,1,-4.4,4.6,22,17.7,60.3,6.9
Bones Hyland,LAC,22,6-2,169,Virginia Commonwealth,USA,2021,1,26,56,11.8,2.4,3.1,-5.3,1.9,11.1,27.1,53.5,24.5
Bradley Beal,WAS,29,6-4,207,Florida,USA,2012,1,3,50,23.2,3.9,5.4,0.7,2.6,9.1,28.8,59.3,26
Brandon Boston Jr.,LAC,21,6-6,188,Kentucky,USA,2021,2,51,22,6.5,1.4,0.9,-7.7,2.4,9.8,23.7,51.5,12.9
Brandon Clarke,MEM,26,6-8,215,Gonzaga,Canada,2019,1,21,56,10,5.5,1.3,0.7,7.9,17.7,17.4,68.1,10
Brandon Ingram,NOP,25,6-8,190,Duke,USA,2016,1,2,45,24.7,5.5,5.8,3,1.5,14.5,30.6,58.2,27.7
Braxton Key,DET,26,6-8,225,Virginia,USA,Undrafted,Undrafted,Undrafted,3,1.3,0.3,0,-4.5,0,6.7,9.1,106.4,0
Brook Lopez,MIL,35,7-1,282,Stanford,USA,2008,1,10,78,15.9,6.7,1.3,7.1,6.4,13.5,18.7,63,6
Bruce Brown,DEN,26,6-4,202,Miami,USA,2018,2,42,80,11.5,4.1,3.4,0.8,2.9,11.6,17.4,57.1,16.4
Bruno Fernando,ATL,24,6-10,240,Maryland,Angola,2019,2,34,39,3.9,3.5,0.8,-8.9,12.3,19,15.9,57.1,11.7
Bryce McGowens,CHA,20,6-6,175,Nebraska,USA,2022,2,40,46,5.3,2,1.2,-9.7,2.5,8.8,14.7,51.9,9.8
Bryn Forbes,MIN,29,6-2,205,Michigan State,USA,Undrafted,Undrafted,Undrafted,25,3.6,0.6,0.7,-8.5,1.5,4,15.5,49.7,8.7
Buddy Boeheim,DET,23,6-6,205,Syracuse,USA,Undrafted,Undrafted,Undrafted,10,1.6,0.6,0.4,2.7,2.2,4.3,13.1,28.7,5.9
Buddy Hield,IND,30,6-4,220,Oklahoma,Bahamas,2016,1,6,80,16.8,5,2.8,-1.9,2.7,13.2,20.5,61.4,13.1
CJ McCollum,NOP,31,6-3,190,Lehigh,USA,2013,1,10,75,20.9,4.4,5.7,1.1,2.1,10.4,26,54.1,24.2
Cade Cunningham,DET,21,6-7,220,Oklahoma State,USA,2021,1,1,12,19.9,6.2,6,-6.1,2.7,14.8,28.7,49.2,30.6
Caleb Houstan,ORL,20,6-8,205,Michigan,Canada,2022,2,32,51,3.8,1.9,0.6,-5.3,4.1,8.3,10.7,50.8,5.1
Caleb Martin,MIA,27,6-5,205,Nevada,USA,Undrafted,Undrafted,Undrafted,71,9.6,4.8,1.6,0,4.4,13,14.3,57.1,8.2
Cam Reddish,POR,23,6-7,217,Duke,USA,2019,1,10,40,9.7,2.2,1.4,-9,1.7,7,16.6,56.1,8.5
Cam Thomas,BKN,21,6-3,210,Louisiana State,Japan,2021,1,27,57,10.6,1.7,1.4,-1.6,0.9,8.9,26.8,56.7,13.3
Cameron Johnson,BKN,27,6-8,210,North Carolina,USA,2019,1,11,42,15.5,4.4,1.9,6.6,2.9,12,20.2,61.7,9.9
Cameron Payne,PHX,28,6-1,183,Murray State,USA,2015,1,14,48,10.3,2.2,4.5,4.1,1.2,10,23.9,51.2,30.8
Caris LeVert,CLE,28,6-6,205,Michigan,USA,2016,1,20,74,12.1,3.8,3.9,4.5,2.4,10.5,18.3,54.6,18.2
Carlik Jones,CHI,25,6-0,174,Louisville,USA,Undrafted,Undrafted,Undrafted,7,2.9,0.7,0.9,20.7,1.6,6.9,15.3,54,13.3
Cedi Osman,CLE,28,6-7,230,None,Turkey,2015,2,31,77,8.7,2.3,1.5,7.5,1.7,10,17.8,57.9,10.7
Chance Comanche,POR,27,6-10,210,Arizona,USA,Undrafted,Undrafted,Undrafted,1,7,3,0,-68.1,8,6.7,14,51.8,0
Charles Bassey,SAS,22,6-9,230,Western Kentucky,Nigeria,2021,2,53,35,5.7,5.5,1.4,-2.4,14,23.2,15.2,65.8,13.1
Chima Moneke,SAC,27,6-5,223,Cal-Davis,Nigeria,Undrafted,Undrafted,Undrafted,2,1,1,0.5,-57.2,25,0,25,34.7,25
Chimezie Metu,SAC,26,6-9,225,Southern California,USA,2018,2,49,66,4.9,3,0.6,6.7,6.8,20.6,16.8,63.9,8
Chris Boucher,TOR,30,6-9,200,Oregon,Saint Lucia,Undrafted,Undrafted,Undrafted,76,9.4,5.5,0.4,-1.3,9.4,19,17.5,59,2.9
Chris Duarte,IND,25,6-5,190,Oregon,Dominican Republic,2021,1,13,46,7.9,2.5,1.4,-6.2,2,10.6,18.1,49.6,10.1
Chris Paul,PHX,38,6-0,175,Wake Forest,USA,2005,1,4,59,13.9,4.3,8.9,2.3,1.4,11.8,19.5,55.5,38.9
Chris Silva,DAL,26,6-8,234,South Carolina,Gabon,Undrafted,Undrafted,Undrafted,1,2,0,0,12.5,0,0,25,100,0
Christian Braun,DEN,22,6-6,220,Kansas,USA,2022,1,21,76,4.7,2.4,0.8,-4.3,4.2,11.2,12.7,56.8,7
Christian Koloko,TOR,22,7-0,230,Arizona,Cameroon,2022,2,33,58,3.1,2.9,0.5,9,9.4,11,10,51.7,5
Christian Wood,DAL,27,6-9,214,UNLV,USA,Undrafted,Undrafted,Undrafted,67,16.6,7.3,1.8,-1.3,5.3,23.8,25.9,62.4,11.9
Chuma Okeke,ORL,24,6-8,229,Auburn,USA,2019,1,16,27,4.7,3.6,1.4,-10.8,4.9,13.2,12.1,48.8,10.1
Clint Capela,ATL,29,6-10,256,None,Switzerland,2014,1,25,65,12,11,0.9,-1.1,14.2,26.8,15.1,65.6,4.5
Coby White,CHI,23,6-5,195,North Carolina,USA,2019,1,7,74,9.7,2.9,2.8,4,0.9,11,17,57.2,15.9
Cody Martin,CHA,27,6-6,205,Nevada,USA,2019,2,36,7,5,3.4,1.6,-9.7,5.6,10.9,12.1,44.8,11.1
Cody Zeller,MIA,30,6-11,240,Indiana,USA,2013,1,4,15,6.5,4.3,0.7,-10.3,11.7,20,17.5,65.9,7.7
Cole Anthony,ORL,23,6-3,185,North Carolina,USA,2020,1,15,60,13,4.8,3.9,-0.1,3,15.2,20.9,57,22.8
Cole Swider,LAL,24,6-9,220,Syracuse,USA,Undrafted,Undrafted,Undrafted,7,1.3,1,0.6,3.3,2.4,15.8,8.9,50,10.5
Collin Sexton,UTA,24,6-2,190,Alabama,USA,2018,1,8,48,14.3,2.2,2.9,0.1,3.2,5.6,23,61.6,17.8
Corey Kispert,WAS,24,6-6,224,Gonzaga,USA,2021,1,15,74,11.1,2.8,1.2,-3.2,1.6,8.2,13.9,65.7,5.6
Cory Joseph,DET,31,6-3,200,Texas,Canada,2011,1,29,62,6.9,1.7,3.5,-4.1,1.6,7,14.9,55.8,25.6
D'Angelo Russell,LAL,27,6-4,193,Ohio State,USA,2015,1,2,71,17.8,3,6.2,1.5,1.6,7.5,22.5,60.5,27.4
Daishen Nix,HOU,21,6-4,226,None,USA,Undrafted,Undrafted,Undrafted,57,4,1.7,2.3,-8.2,1.8,9.1,14.9,44.7,19.1
Dalano Banton,TOR,23,6-7,204,Nebraska,Canada,2021,2,46,31,4.6,1.5,1.2,-6.5,3.6,13,22.9,50.5,20.2
Dalen Terry,CHI,20,6-7,195,Arizona,USA,2022,1,18,38,2.2,1,0.6,3.3,5.6,11.7,17.3,52.3,15.7
Damian Jones,UTA,27,6-11,245,Vanderbilt,USA,2016,1,30,41,3.5,3,0.4,-9,7.8,15.2,10.2,71.9,4.4
Damian Lillard,POR,32,6-2,195,Weber State,USA,2012,1,6,58,32.2,4.8,7.3,2.1,2.2,11.2,33.1,64.5,33.8
Damion Lee,PHX,30,6-5,210,Drexel,USA,Undrafted,Undrafted,Undrafted,74,8.2,3,1.3,2.7,2.4,12.4,15.5,60.7,9.2
Daniel Gafford,WAS,24,6-10,234,Arkansas,USA,2019,2,38,78,9,5.6,1.1,-2.5,10.3,15.9,14.6,73.9,7.4
Daniel Theis,IND,31,6-8,245,None,Germany,Undrafted,Undrafted,Undrafted,7,7,3.1,1.3,-8.2,5.9,14.7,20.1,49.7,12.5
Danny Green,CLE,35,6-6,215,North Carolina,USA,2009,2,46,11,5.5,1.3,0.5,-5.5,2.3,8,18.7,61.7,6.5
Danuel House Jr.,PHI,29,6-6,220,Texas A&M,USA,Undrafted,Undrafted,Undrafted,56,4.8,1.7,0.8,0.3,1.2,10.7,13.3,60,7.4
Dario Saric,OKC,29,6-10,225,None,Croatia,2014,1,12,57,6.4,3.6,1.3,1.6,6.4,19.5,18.6,58.3,13.1
Darius Bazley,PHX,22,6-9,216,None,USA,2019,1,23,43,5.2,3.2,0.9,-3.6,5.3,15.7,16.5,52.4,8.8
Darius Days,HOU,23,6-7,245,Louisiana State,USA,Undrafted,Undrafted,Undrafted,4,3.8,1.5,0.3,-0.2,3.4,22.7,21,58.2,6.7
Darius Garland,CLE,23,6-1,192,Vanderbilt,USA,2019,1,5,69,21.6,2.7,7.8,8,1.2,6.7,26.2,58.7,32.8
David Duke Jr.,BKN,23,6-4,204,Providence,USA,Undrafted,Undrafted,Undrafted,23,3.7,1.3,0.9,-6.3,4.9,7.8,18.7,49.7,14.5
David Roddy,MEM,22,6-4,255,Colorado State,USA,2022,1,23,70,6.7,2.8,0.8,-1.9,3.7,10.7,16.3,51.9,6.4
Davion Mitchell,SAC,24,6-0,202,Baylor,USA,2021,1,9,80,5.6,1.3,2.3,2.7,1.2,6.2,14,54.5,17.3
Davis Bertans,DAL,30,6-10,225,None,Latvia,2011,2,42,45,4.6,1.2,0.5,-4.3,2,8.6,15.5,61.8,6.5
Davon Reed,LAL,27,6-5,206,Miami,USA,2017,2,32,43,2.1,1.4,0.5,-14.1,3.1,14.6,14.2,47.1,9.9
Day'Ron Sharpe,BKN,21,6-9,265,North Carolina,USA,2021,1,29,48,4.7,4.2,0.8,-8.8,16.8,19,17.3,58.1,9.9
De'Aaron Fox,SAC,25,6-3,185,Kentucky,USA,2017,1,5,73,25,4.2,6.1,3.1,1.7,11.1,28.8,59.9,28.1
De'Andre Hunter,ATL,25,6-8,221,Virginia,USA,2019,1,4,67,15.4,4.2,1.4,-0.6,2.1,11.2,19.3,56.3,5.9
De'Anthony Melton,PHI,25,6-2,200,Southern California,USA,2018,2,46,77,10.1,4.1,2.6,2.7,3.4,11.4,16.2,56.6,13.3
DeAndre Jordan,DEN,34,6-11,265,Texas A&M,USA,2008,2,35,39,5.1,5.2,0.9,-8.4,9.4,25.2,13.4,73.1,8.4
DeMar DeRozan,CHI,33,6-6,220,Southern California,USA,2009,1,9,74,24.5,4.6,5.1,1.5,1.3,11.6,27.2,59.2,22.2
Dean Wade,CLE,26,6-9,228,Kansas State,USA,Undrafted,Undrafted,Undrafted,44,4.7,3.4,0.8,6.5,2.3,14.6,10,55,5.6
Deandre Ayton,PHX,24,7-0,250,Arizona,Bahamas,2018,1,1,67,18,10,1.7,0,8.4,24.7,23.1,61.7,9
Dejounte Murray,ATL,26,6-5,180,Washington,USA,2016,1,29,74,20.5,5.3,6.1,-1.1,1.9,12.7,23.9,54,23.9
Delon Wright,WAS,31,6-5,185,Utah,USA,2015,1,20,50,7.4,3.6,3.9,3.2,5,9.7,12.5,58.1,20.9
Deni Avdija,WAS,22,6-9,210,None,Israel,2020,1,9,76,9.2,6.4,2.8,-0.8,3.8,19.6,16.5,53.5,14.2
Dennis Schroder,LAL,29,6-1,172,None,Germany,2013,1,17,66,12.6,2.5,4.5,2.8,1.1,6.7,18.3,54.5,20.2
Dennis Smith Jr.,CHA,25,6-2,205,North Carolina State,USA,2017,1,9,54,8.8,3.1,4.8,-2.6,1.8,9.3,17.5,47.5,27.5
Deonte Burton,SAC,29,6-4,240,Iowa State,USA,Undrafted,Undrafted,Undrafted,2,0,0,0,51.8,0,0,13.3,0,0
Dereon Seabron,NOP,23,6-5,180,North Carolina State,USA,Undrafted,Undrafted,Undrafted,5,0.8,0.2,0,36.8,6.7,0,15.6,40,0
Derrick Jones Jr.,CHI,26,6-6,210,UNLV,USA,Undrafted,Undrafted,Undrafted,64,5,2.4,0.5,6.7,6.9,9.8,13.8,59.7,5.2
Derrick Rose,NYK,34,6-3,200,Memphis,USA,2008,1,1,27,5.6,1.5,1.7,-3.5,2.2,8.2,22,46.3,20.8
Derrick White,BOS,28,6-4,190,Colorado,USA,2017,1,29,82,12.4,3.6,3.9,11,2.3,9.8,17.4,60.4,19.1
Desmond Bane,MEM,24,6-5,215,TCU,USA,2020,1,30,58,21.5,5,4.4,9,2.2,12.3,25.2,60.6,20.2
Devin Booker,PHX,26,6-5,206,Kentucky,USA,2015,1,13,53,27.8,4.5,5.5,6.2,2.5,10.5,31.1,60.1,25.1
Devin Vassell,SAS,22,6-5,200,Florida State,USA,2020,1,11,38,18.5,3.9,3.6,-11.7,0.6,12.5,24,55,17.3
Devon Dotson,WAS,23,6-1,185,Kansas,USA,Undrafted,Undrafted,Undrafted,6,0.5,1.7,1.3,-5.7,10.7,8.5,10.2,15,21.1
Devonte' Graham,SAS,28,6-1,195,Kansas,USA,2018,2,34,73,7.4,1.7,2.7,-6.2,1.3,8.1,16.5,55.2,20.7
Dewayne Dedmon,PHI,33,6-10,245,Southern California,USA,Undrafted,Undrafted,Undrafted,38,5.2,3.5,0.7,-10.6,7.5,23.1,19.5,57.7,10.8
Dillon Brooks,MEM,27,6-6,225,Oregon,Canada,2017,2,45,73,14.3,3.3,2.6,4.9,1.9,8.4,21.4,49.4,11.7
Domantas Sabonis,SAC,27,7-1,240,Gonzaga,Lithuania,2016,1,11,79,19.1,12.3,7.3,3.9,9.6,27.5,21.3,66.8,29.7
Dominick Barlow,SAS,20,6-9,215,None,USA,Undrafted,Undrafted,Undrafted,28,3.9,3.6,0.9,-10.7,10,13.1,10.7,56.7,7.9
Donovan Mitchell,CLE,26,6-1,215,Louisville,USA,2017,1,13,68,28.3,4.3,4.4,5.9,2.7,9.7,31,61.4,20.5
Donovan Williams,ATL,21,6-6,190,UNLV,USA,Undrafted,Undrafted,Undrafted,2,2,1,0,60,0,40,38.5,40,0
Donte DiVincenzo,GSW,26,6-4,203,Villanova,USA,2018,1,17,72,9.4,4.5,3.5,2.9,4.1,12.3,14.6,59.3,17.6
Dorian Finney-Smith,BKN,30,6-7,220,Florida,USA,Undrafted,Undrafted,Undrafted,66,8.3,4.8,1.5,-0.3,5.5,10.5,12.9,52.3,7
Doug McDermott,SAS,31,6-6,225,Creighton,USA,2014,1,11,64,10.2,2.2,1.4,-9.7,1.6,8.5,18.6,59,9.8
Draymond Green,GSW,33,6-6,230,Michigan State,USA,2012,2,35,73,8.5,7.2,6.8,7,2.9,18.5,12.9,59.2,26.8
Drew Eubanks,POR,26,6-10,245,Oregon State,USA,Undrafted,Undrafted,Undrafted,78,6.6,5.4,1.3,-4.1,8.4,18.3,12.2,66.6,9.2
Dru Smith,BKN,25,6-3,203,Missouri,USA,Undrafted,Undrafted,Undrafted,15,2.9,1.6,1.5,-8.8,1.2,13.2,13.3,47.5,20.6
Duane Washington Jr.,NYK,23,6-2,197,Ohio State,Germany,Undrafted,Undrafted,Undrafted,31,7.9,1.2,2,-0.5,0.4,8.5,29.8,45.8,26
Duncan Robinson,MIA,29,6-7,215,Michigan,USA,Undrafted,Undrafted,Undrafted,42,6.4,1.6,1.1,-5,1.2,9.4,17.2,53.4,10.1
Dwight Powell,DAL,31,6-10,240,Stanford,Canada,2014,2,45,76,6.7,4.1,0.9,6.2,10.6,12,12.3,73.8,6.7
Dylan Windler,CLE,26,6-7,196,Belmont,USA,2019,1,26,3,1.7,0,0.3,4.4,0,0,18.2,83.3,20
Dyson Daniels,NOP,20,6-7,199,None,Australia,2022,1,8,59,3.8,3.2,2.3,0.4,3.5,14,11.3,50.3,17.2
Edmond Sumner,BKN,27,6-4,196,Xavier,USA,2017,2,52,53,7.1,1.5,1.3,1.7,1.9,8.6,20.9,59.7,13
Eric Gordon,LAC,34,6-3,215,Indiana,USA,2008,1,7,69,12.4,1.9,2.7,-5.8,0.8,5.9,17.1,58.7,13.3
Eugene Omoruyi,DET,26,6-6,235,Oregon,Nigeria,Undrafted,Undrafted,Undrafted,40,7,2.8,0.7,-1.9,6.5,11,19.2,53.3,6.5
Evan Fournier,NYK,30,6-6,205,None,France,2012,1,20,27,6.1,1.8,1.3,-4.7,0.8,9.6,17.9,47.1,11.1
Evan Mobley,CLE,21,6-11,215,Southern California,USA,2021,1,3,79,16.2,9,2.8,6.5,7.3,20,19.9,59.1,12.2
Facundo Campazzo,DAL,32,5-10,195,None,Argentina,Undrafted,Undrafted,Undrafted,8,1.3,0.3,1.1,11,0,4.1,14.4,36,30
Frank Jackson,UTA,25,6-3,205,Duke,USA,2017,2,31,1,0,2,1,-22.2,12.5,33.3,25,0,25
Frank Kaminsky,HOU,30,7-0,240,Wisconsin,USA,2015,1,9,36,2.5,1.4,0.9,-1.9,2.9,20.7,14.6,63.5,19.4
Frank Ntilikina,DAL,24,6-4,200,None,France,2017,1,8,47,2.9,1.3,1.2,5.1,1.1,8.6,12.5,46.1,12.7
Franz Wagner,ORL,21,6-10,220,Michigan,Germany,2021,1,8,80,18.6,4.1,3.5,1.2,2.7,9.8,23,58.9,16.7
Fred VanVleet,TOR,29,6-0,197,Wichita State,USA,Undrafted,Undrafted,Undrafted,69,19.3,4.1,7.2,3.3,1.1,11,22.5,54,27.6
Furkan Korkmaz,PHI,25,6-7,202,None,Turkey,2016,1,26,37,3.8,1.1,0.6,1.4,1.7,9.9,17.6,55.2,9.1
Gabe Vincent,MIA,26,6-2,200,California-Santa Barbara,USA,Undrafted,Undrafted,Undrafted,68,9.4,2.1,2.5,-0.7,1.6,7.1,17,53.3,13.9
Gabe York,IND,29,6-3,190,Arizona,USA,Undrafted,Undrafted,Undrafted,3,8,2,1.7,17.4,0,9.4,17.3,54.8,10.9
Garrett Temple,NOP,37,6-6,195,Louisiana State,USA,Undrafted,Undrafted,Undrafted,25,2,0.7,0.5,-5.3,2.7,6.9,12.3,53.5,11.7
Garrison Mathews,ATL,26,6-6,215,Lipscomb,USA,Undrafted,Undrafted,Undrafted,54,4.8,1.4,0.5,-6.4,1.4,8.2,13.9,57.3,5.7
Gary Harris,ORL,28,6-4,210,Michigan State,USA,2014,1,19,48,8.3,2,1.2,-2.8,1.8,6.9,12.5,62,6.7
Gary Payton II,GSW,30,6-2,195,Oregon State,USA,Undrafted,Undrafted,Undrafted,22,4.6,3.1,1.4,5.4,6.9,12.1,10.1,70.1,10.6
Gary Trent Jr.,TOR,24,6-5,209,Duke,USA,2018,2,37,66,17.4,2.6,1.6,-2.1,1.3,7.3,20.9,56,7.5
George Hill,IND,37,6-4,188,Indiana-Purdue Indianapolis,USA,2008,1,26,46,5,1.8,2.4,1.9,1.7,7.7,11,61,17.8
Georges Niang,PHI,29,6-7,230,Iowa State,USA,2016,2,50,78,8.2,2.4,1,1.3,1.3,10.9,16.2,61,7.4
Giannis Antetokounmpo,MIL,28,7-0,243,None,Greece,2013,1,15,63,31.1,11.8,5.7,7.2,6.5,26.8,37.3,60.5,31.4
Goga Bitadze,ORL,23,6-11,250,None,Georgia,2019,1,18,38,4.4,3.6,1,3.7,12.3,16.7,14.7,58.2,12.2
Goran Dragic,MIL,37,6-4,190,None,Slovenia,2008,2,45,58,6.3,1.4,2.6,-0.6,1.8,7.5,19.8,51.4,23.7
Gordon Hayward,CHA,33,6-7,225,Butler,USA,2010,1,9,50,14.7,4.3,4.1,-3.3,2,11.2,19.6,56.3,18.7
Gorgui Dieng,SAS,33,6-10,248,Louisville,Senegal,2013,1,21,31,3.9,3.5,1.7,-18.6,6.3,22,17.7,49.3,22.1
Grant Williams,BOS,24,6-6,236,Tennessee,USA,2019,1,22,79,8.1,4.6,1.7,5.9,4.2,13.4,12.8,60.5,8.6
Grayson Allen,MIL,27,6-4,198,Duke,USA,2018,1,21,72,10.4,3.3,2.3,4.9,3,8.2,14.3,61.2,10.7
Greg Brown III,POR,21,6-7,206,Texas,USA,2021,2,43,16,1.8,1.2,0.2,-3.4,1.9,17.5,17,42.1,5.5
Hamidou Diallo,DET,24,6-5,202,Kentucky,USA,2018,2,45,56,9.3,3.5,1,-0.6,5.6,13.6,21,59.3,8.8
Harrison Barnes,SAC,31,6-8,225,North Carolina,USA,2012,1,7,82,15,4.5,1.6,4.8,3.4,10.7,16.8,63.2,6.3
Haywood Highsmith,MIA,26,6-5,220,Wheeling Jesuit,USA,2018,,,54,4.4,3.5,0.8,-5.2,5.5,13.5,12.1,51.7,6.5
Herbert Jones,NOP,24,6-7,206,Alabama,USA,2021,2,35,66,9.8,4.1,2.5,3.9,5.1,8.9,14.4,56.7,10.8
Immanuel Quickley,NYK,23,6-2,190,Kentucky,USA,2020,1,25,81,14.9,4.2,3.4,6.2,2.4,11,20.3,57.8,17.8
Isaac Okoro,CLE,22,6-5,225,Auburn,USA,2020,1,5,76,6.4,2.5,1.1,5.4,3.3,8.5,11.7,61.4,7
Isaiah Hartenstein,NYK,25,7-0,250,None,Germany,2017,2,43,82,5,6.5,1.2,4.4,12.2,19.2,10.7,56.7,8.3
Isaiah Jackson,IND,21,6-9,205,Kentucky,USA,2021,1,22,63,7.2,4.5,0.8,-5.6,10,15.9,16.5,59.5,7.1
Isaiah Joe,OKC,23,6-3,165,Arkansas,USA,2020,2,49,73,9.5,2.4,1.2,5.1,1.8,10.8,17,62.6,8.7
Isaiah Livers,DET,24,6-6,232,Michigan,USA,2021,2,42,52,6.7,2.8,0.8,-7.8,2.3,9.6,11.7,56.7,4.8
Isaiah Mobley,CLE,23,6-8,238,Southern California,USA,2022,2,49,12,2.6,1.7,0.3,19.8,5.3,17.4,16.6,52.1,5.4
Isaiah Roby,NYK,25,6-8,230,Nebraska,USA,2019,2,45,42,4.1,2.6,0.9,-10.4,4,18.8,17.3,49.7,11.4
Isaiah Stewart,DET,22,6-8,250,Washington,USA,2020,1,16,50,11.3,8.1,1.4,-8,7.8,20.2,17,56,7.3
Isaiah Todd,WAS,21,6-9,219,None,USA,2021,2,31,6,1.5,2,0.7,-6.7,2.7,15.2,14.3,22.6,8.7
Ish Smith,DEN,34,6-0,175,Wake Forest,USA,Undrafted,Undrafted,Undrafted,43,2.5,1.3,2.3,-5.3,1.4,11.6,18.7,40.7,35.2
Ish Wainright,PHX,28,6-5,250,Baylor,USA,Undrafted,Undrafted,Undrafted,60,4.2,2.3,0.9,6.1,4.5,9.7,11.7,52.2,7.5
Ivica Zubac,LAC,26,7-0,240,None,Croatia,2016,2,32,76,10.8,9.9,1,-0.6,11.4,23.8,14.9,66.1,5
JD Davison,BOS,20,6-1,195,Alabama,USA,2022,2,53,12,1.6,0.8,0.9,-5.8,3.3,9.3,15.7,47.8,23.4
JT Thor,CHA,20,6-9,203,Auburn,USA,2021,2,37,69,3.8,2.2,0.5,-7.5,3.5,11.5,13,50.6,5.4
Ja Morant,MEM,23,6-2,174,Murray State,USA,2019,1,2,61,26.2,5.9,8.1,7.3,2.9,13.9,33.8,55.7,41.2
JaMychal Green,GSW,32,6-9,227,Alabama,USA,Undrafted,Undrafted,Undrafted,57,6.4,3.6,0.9,-8.2,8.7,16.4,16.9,65,9.4
JaVale McGee,DAL,35,7-0,270,Nevada,USA,2008,1,18,42,4.4,2.5,0.3,-7.3,8.6,19.9,21.4,65,5.1
Jabari Smith Jr.,HOU,20,6-11,220,Auburn,USA,2022,1,3,79,12.8,7.2,1.3,-11.3,4.7,18,18.3,51.4,5.9
Jabari Walker,POR,20,6-7,200,Colorado,USA,2022,2,57,56,3.9,2.3,0.6,-9,7.4,13.5,16.4,49.6,8
Jack White,DEN,25,6-7,225,Duke,Australia,Undrafted,Undrafted,Undrafted,17,1.2,1,0.2,-14.1,8.6,17.7,13.3,51.7,9.3
Jacob Gilyard,MEM,24,5-9,160,Richmond,USA,Undrafted,Undrafted,Undrafted,1,3,4,7,-14.9,0,9.5,5.2,50,21.2
Jaden Hardy,DAL,20,6-3,198,None,USA,2022,2,37,48,8.8,1.9,1.4,-3.1,1.5,10.6,24.8,57.1,14.7
Jaden Ivey,DET,21,6-4,195,Purdue,USA,2022,1,5,74,16.3,3.9,5.2,-13,3,9.4,25.1,52.8,26.9
Jaden McDaniels,MIN,22,6-9,185,Washington,USA,2020,1,28,79,12.1,3.9,1.9,2,3.9,8.6,15.6,61.1,8.2
Jaden Springer,PHI,20,6-4,202,Tennessee,USA,2021,1,28,16,2.6,0.9,0.5,-2.1,6.3,9.1,18.8,54.5,12.9
Jae Crowder,MIL,32,6-6,235,Marquette,USA,2012,2,34,18,6.9,3.8,1.5,-0.8,4.6,13.4,12.5,62.4,10.2
Jae'Sean Tate,HOU,27,6-5,230,Ohio State,USA,Undrafted,Undrafted,Undrafted,31,9.1,3.8,2.7,-7.3,5.4,11.4,17.8,54.6,18.4
Jake LaRavia,MEM,21,6-7,235,Wake Forest,USA,2022,1,19,35,3,1.8,0.6,-7.6,4.4,10,11.7,53.1,6.8
Jakob Poeltl,TOR,27,7-1,245,Utah,Austria,2016,1,9,72,12.5,9.1,2.7,-3.1,11.7,24,18,63.5,14.6
Jalen Brunson,NYK,26,6-2,190,Villanova,USA,2018,2,33,68,24,3.5,6.2,2.1,1.6,8.5,26.6,59.7,28
Jalen Duren,DET,19,6-11,250,Memphis,USA,2022,1,13,67,9.1,8.9,1.1,-8.3,13,22.1,13.9,65.5,6.9
Jalen Green,HOU,21,6-4,186,None,USA,2021,1,2,76,22.1,3.7,3.7,-8.7,1.6,9.3,27.4,53.8,16.9
Jalen Johnson,ATL,21,6-8,219,Duke,USA,2021,1,20,70,5.6,4,1.2,0.3,4.7,21.4,15.6,55.4,10.6
Jalen McDaniels,PHI,25,6-9,205,San Diego State,USA,2019,2,52,80,9.4,4.3,1.6,-3.4,3.1,14.5,16.5,55.7,9.4
Jalen Smith,IND,23,6-9,215,Maryland,USA,2020,1,10,68,9.4,5.8,1,-3.8,9.3,20.1,20.1,56.5,7.6
Jalen Suggs,ORL,22,6-5,205,Gonzaga,USA,2021,1,5,53,9.9,3,2.9,-1.3,4.4,8.3,19.6,52.8,17.9
Jalen Williams,OKC,22,6-5,211,Santa Clara,USA,2022,1,12,75,14.1,4.5,3.3,-1,3.5,10.9,18,60.1,15.2
Jamal Cain,MIA,24,6-6,191,Oakland,USA,Undrafted,Undrafted,Undrafted,18,5.4,2.9,0.7,5.5,6.4,14.2,13.9,64.7,7.6
Jamal Murray,DEN,26,6-4,215,Kentucky,Canada,2016,1,7,65,20,4,6.2,6.4,2.4,9.9,25.6,57.1,26.5
Jamaree Bouyea,WAS,23,6-2,180,San Francisco,USA,Undrafted,Undrafted,Undrafted,5,3,1.2,0.8,-13.2,1.6,8.6,12,50.4,9.1
James Bouknight,CHA,22,6-4,190,Connecticut,USA,2021,1,11,34,5.6,2.1,1.2,-8.3,1.5,11.6,19.2,46.3,11.7
James Harden,PHI,33,6-5,220,Arizona State,USA,2009,1,3,58,21,6.1,10.7,6.1,2.1,15.1,24.7,60.7,43.9
James Johnson,IND,36,6-7,240,Wake Forest,USA,2009,1,16,18,2.8,1.7,0.8,-1.1,2.2,17.3,15.2,48.6,13.5
James Wiseman,DET,22,7-0,240,Memphis,USA,2020,1,2,45,10,5.9,0.7,-17.2,8.4,23.1,21.2,58.9,5.7
Jared Butler,OKC,22,6-3,193,Baylor,USA,2021,2,40,6,6.2,0.7,1.3,2.6,1.3,3.4,20.8,57.8,16
Jared Rhoden,DET,23,6-6,210,Seton Hall,USA,Undrafted,Undrafted,Undrafted,14,3.2,2.6,0.3,4.3,5.5,13.5,10.6,48.2,2.8
Jaren Jackson Jr.,MEM,23,6-10,242,Michigan State,USA,2018,1,4,63,18.6,6.8,1,9.8,5.8,15.9,24.3,61.3,4.8
Jarred Vanderbilt,LAL,24,6-8,214,Kentucky,USA,2018,2,41,78,7.9,7.5,2.4,-1.5,9,21.6,13.6,60.4,13.4
Jarrell Brantley,UTA,26,6-5,250,College of Charleston,USA,2019,2,50,4,5.5,1.5,0.8,16.2,2,9.3,17.2,73.9,12.5
Jarrett Allen,CLE,25,6-9,243,Texas,USA,2017,1,22,68,14.3,9.8,1.7,7.7,10.7,21,16.2,67,7.3
Jarrett Culver,ATL,24,6-6,195,Texas Tech,USA,2019,1,6,10,4.4,3.8,0.6,-5.7,6.5,21.9,16.4,45.2,5.5
Jason Preston,LAC,23,6-3,181,Ohio,USA,2021,2,33,14,2.9,1.6,1.9,-1.6,1.4,17.5,16.6,48.9,30.7
Javonte Green,CHI,29,6-5,205,Radford,USA,Undrafted,Undrafted,Undrafted,32,5.2,2.8,0.7,5.9,5.7,11.9,12.8,64.6,6.2
Jaxson Hayes,NOP,23,7-0,220,Texas,USA,2019,1,8,47,5,2.8,0.7,-5.4,5.8,15.3,14.9,60.5,8.8
Jay Huff,WAS,25,7-1,240,Virginia,USA,Undrafted,Undrafted,Undrafted,7,7.3,3,1.4,-1.1,6,15.3,15.5,79.6,13.5
Jay Scrubb,ORL,22,6-5,220,John A. Logan,USA,2020,2,55,2,6.5,3,0.5,-28.5,0,30,15.1,82.5,5.6
Jaylen Brown,BOS,26,6-6,223,California,USA,2016,1,3,67,26.6,6.9,3.5,5.4,3.2,15.2,30.7,58.1,16.3
Jaylen Nowell,MIN,23,6-4,201,Washington,USA,2019,2,43,65,10.8,2.6,2,0,2.8,10.7,23.8,52.7,15.6
Jaylin Williams,OKC,20,6-9,240,Arkansas,USA,2022,2,34,49,5.9,4.9,1.6,-4.6,4.5,23,13.3,55.9,10.9
Jayson Tatum,BOS,25,6-8,210,Duke,USA,2017,1,3,74,30.1,8.8,4.6,8.5,2.9,20,31.9,60.7,20.5
Jeenathan Williams,POR,24,6-5,205,Buffalo,USA,Undrafted,Undrafted,Undrafted,5,10.6,3,2,-11,7,3.9,13.9,65.7,10
Jeff Dowtin Jr.,TOR,26,6-3,177,Rhode Island,USA,Undrafted,Undrafted,Undrafted,25,2.4,0.9,1.2,-0.6,2.2,6.9,10.6,50,15.4
Jeff Green,DEN,36,6-8,235,Georgetown,USA,2007,1,5,56,7.8,2.6,1.2,-8,3.5,9.6,16.7,57.6,9.5
Jerami Grant,POR,29,6-8,210,Syracuse,USA,2014,2,39,63,20.5,4.5,2.4,-1.2,2.5,10.4,22.7,60.6,10.3
Jeremiah Robinson-Earl,OKC,22,6-8,240,Villanova,USA,2021,2,32,43,6.8,4.2,1,-0.9,8.2,12.9,14.3,54.8,6.9
Jeremy Sochan,SAS,20,6-8,230,Baylor,Poland,2022,1,9,56,11,5.3,2.5,-7,6,14,19.5,50.9,13.2
Jericho Sims,NYK,24,6-10,250,Texas,USA,2021,2,58,52,3.4,4.7,0.5,-6.7,11.7,17.5,7.4,78,4.4
Jevon Carter,MIL,27,6-1,200,West Virginia,USA,2018,2,32,81,8,2.5,2.4,1.9,1.8,8.4,14.9,56,15
Jimmy Butler,MIA,33,6-7,230,Marquette,USA,2011,1,30,64,22.9,5.9,5.3,1.2,6.8,12.1,24.8,64.7,26.4
Jock Landale,PHX,27,6-11,255,St. Mary's,Australia,Undrafted,Undrafted,Undrafted,69,6.6,4.1,1,7.9,11.4,16.4,18.2,59.5,10.1
Joe Harris,BKN,31,6-6,220,Virginia,USA,2014,2,33,74,7.6,2.2,1.4,-1,1.6,8.9,14.1,62.1,9.1
Joe Ingles,MIL,35,6-9,220,None,Australia,Undrafted,Undrafted,Undrafted,46,6.9,2.8,3.3,2.5,1.2,10.2,12.2,61.6,18.1
Joe Wieskamp,TOR,23,6-6,205,Iowa,USA,2021,2,41,9,1,0.4,0.3,1,0,6.8,11.5,32.1,8.3
Joel Embiid,PHI,29,7-0,280,Kansas,Cameroon,2014,1,3,66,33.1,10.2,4.2,8.8,5.7,24.3,37,65.5,23.3
John Butler Jr.,POR,20,7-0,190,Florida State,USA,Undrafted,Undrafted,Undrafted,19,2.4,0.9,0.6,-16.1,1.2,6.5,10.2,41.1,6.6
John Collins,ATL,25,6-9,226,Wake Forest,USA,2017,1,19,71,13.1,6.5,1.2,-0.2,3.5,18,16.8,59.3,5.2
John Konchar,MEM,27,6-5,210,Indiana-Purdue Fort Wayne,USA,Undrafted,Undrafted,Undrafted,72,5.1,4.3,1.4,7,4,15.2,10,54.2,8.2
John Wall,LAC,32,6-3,210,Kentucky,USA,2010,1,1,34,11.4,2.7,5.2,-6.6,1.8,9.6,25.9,49.7,38
Johnny Davis,WAS,21,6-4,195,Wisconsin,USA,2022,1,10,28,5.8,2.3,1,-6.2,2,12.5,19.2,44.6,10
Johnny Juzang,UTA,22,6-6,209,UCLA,USA,Undrafted,Undrafted,Undrafted,18,4.8,2.2,0.4,-17.7,2.9,12.2,18.7,41.1,5.1
Jonas Valanciunas,NOP,31,6-11,265,None,Lithuania,2011,1,5,79,14.1,10.2,1.8,-0.7,11.5,29.3,22.9,61,10.8
Jonathan Isaac,ORL,25,6-10,230,Florida State,USA,2017,1,6,11,5,4,0.5,-5.8,9.9,25,19.8,48.3,8.5
Jonathan Kuminga,GSW,20,6-7,225,None,DRC,2021,1,7,67,9.9,3.4,1.9,-1.4,5.2,11.3,19.5,59.7,13.2
Jordan Clarkson,UTA,30,6-5,194,Missouri,USA,2014,2,46,61,20.8,4,4.4,0.8,3.6,8.3,27.3,55.8,20.9
Jordan Goodwin,WAS,24,6-3,200,St. Louis,USA,Undrafted,Undrafted,Undrafted,62,6.6,3.3,2.7,-4.5,5,13.1,16.5,53.1,22
Jordan Hall,SAS,21,6-7,215,St. Joseph's (PA),USA,Undrafted,Undrafted,Undrafted,9,3.1,1.3,1.2,-13.1,3.3,12.9,19.7,43.8,22
Jordan McLaughlin,MIN,27,6-0,185,Southern California,USA,Undrafted,Undrafted,Undrafted,43,3.7,1.4,3.4,5.8,2.2,6.5,11.2,52.6,26.4
Jordan Nwora,IND,24,6-9,225,Louisville,USA,2020,2,45,62,8.7,3.7,1.4,-10.2,4.1,14.7,18.7,56.1,10.7
Jordan Poole,GSW,23,6-4,194,Michigan,USA,2019,1,28,82,20.4,2.7,4.5,-0.8,1.3,7.3,28.2,57.3,23.4
Jordan Schakel,WAS,24,6-6,200,San Diego State,USA,Undrafted,Undrafted,Undrafted,2,1.5,0,0.5,50,0,0,15.4,75,16.7
Jose Alvarado,NOP,25,6-0,179,Georgia Tech,USA,Undrafted,Undrafted,Undrafted,61,9,2.3,3,3.7,2.2,8.7,19.1,52.5,19.9
Josh Christopher,HOU,21,6-4,215,Arizona State,USA,2021,1,24,64,5.8,1.1,1.1,-13.9,2.4,6.8,21.5,52.3,14.9
Josh Giddey,OKC,20,6-8,216,None,Australia,2021,1,6,76,16.6,7.9,6.2,-2.2,5.8,18.9,23.9,53.3,29.3
Josh Green,DAL,22,6-7,200,Arizona,Australia,2020,1,18,60,9.1,3,1.7,2.5,3.7,8.7,14,64.5,9.6
Josh Hart,NYK,28,6-4,215,Villanova,USA,2017,1,30,76,9.8,7.8,3.8,5.9,6,18.5,12.4,62.2,15.4
Josh Minott,MIN,20,6-8,205,Memphis,USA,2022,2,45,15,3.1,1.7,0.3,10.4,5.4,19.4,17.6,58.2,6.5
Josh Okogie,PHX,24,6-4,213,Georgia Tech,Nigeria,2018,1,20,72,7.3,3.5,1.5,4.9,7.8,10.2,17.4,53.1,10.4
Josh Richardson,NOP,29,6-6,200,Tennessee,USA,2015,2,40,65,10.1,2.7,2.7,-5.2,2.6,8.7,18,55.5,16
Joshua Primo,SAS,20,6-6,189,Alabama,Canada,2021,1,12,4,7,3.3,4.5,1.7,1.9,11.3,17.3,46.7,23.7
Jrue Holiday,MIL,32,6-5,205,UCLA,USA,2009,1,17,67,19.3,5.1,7.4,9.2,3.5,10.7,24.4,58.6,32.1
Juan Toscano-Anderson,UTA,30,6-6,209,Marquette,USA,Undrafted,Undrafted,Undrafted,52,3,2.4,1.3,-9.9,3.7,12.8,10.9,50.5,12.2
Juancho Hernangomez,TOR,27,6-9,214,None,Spain,2016,1,15,42,2.9,2.9,0.6,0.5,4.2,16.9,9.2,50.4,5.1
Julian Champagnie,SAS,21,6-7,217,St. John's,USA,Undrafted,Undrafted,Undrafted,17,9.7,3.5,0.6,-10.6,2.7,14.7,18.1,60,4.3
Julius Randle,NYK,28,6-8,250,Kentucky,USA,2014,1,7,77,25.1,10,4.1,2.7,5,22.6,28.8,58.1,18.4
Justin Champagnie,BOS,21,6-6,206,Pittsburgh,USA,Undrafted,Undrafted,Undrafted,5,2.2,1.6,0.8,-9.5,8.8,17.9,18.8,36.7,14.8
Justin Holiday,DAL,34,6-6,180,Washington,USA,Undrafted,Undrafted,Undrafted,46,4.5,1.2,0.9,-9.1,0.7,6.7,13.2,49.4,8
Justin Jackson,BOS,28,6-8,220,North Carolina,USA,2017,1,15,23,0.9,0.7,0.4,-28.3,1.7,11.9,12.2,35.9,14.5
Justin Minaya,POR,24,6-7,210,Providence,USA,Undrafted,Undrafted,Undrafted,4,4.3,3.8,1,-12,3,13.5,12.3,36.3,5.6
Justise Winslow,POR,27,6-6,222,Duke,USA,2015,1,10,29,6.8,5,3.4,-2.6,6.2,12.3,13.9,46.6,17.7
Jusuf Nurkic,POR,28,7-0,290,None,Bosnia and Herzegovina,2014,1,16,52,13.3,9.1,2.9,0.3,8.4,25.8,21.8,58.9,16
KZ Okpala,SAC,24,6-8,215,Stanford,USA,2019,2,32,35,1.3,1,0.4,1.5,2.8,10.2,8.1,55.4,6.5
Kai Jones,CHA,22,6-11,221,Texas,Bahamas,2021,1,19,46,3.4,2.7,0.3,-3.1,6.5,14.6,12.1,59.7,4.1
Karl-Anthony Towns,MIN,27,7-0,248,Kentucky,USA,2015,1,1,29,20.8,8.1,4.8,1.8,5,18.1,25,61.8,22.5
Kawhi Leonard,LAC,31,6-7,225,San Diego State,USA,2011,1,15,52,23.8,6.5,3.9,6.1,3.4,16,26.7,62.3,19
Keegan Murray,SAC,22,6-8,225,Iowa,USA,2022,1,4,80,12.2,4.6,1.2,1.7,3.8,12.3,15.6,59.7,5.3
Keita Bates-Diop,SAS,27,6-8,229,Ohio State,USA,2018,2,48,67,9.7,3.7,1.5,-8.5,4.2,13,16.5,60.9,9.9
Keldon Johnson,SAS,23,6-5,220,Kentucky,USA,2019,1,29,63,22,5,2.9,-11.3,2.5,13.3,27.3,55.1,13.7
Kelly Olynyk,UTA,32,6-11,240,Gonzaga,Canada,2013,1,13,68,12.5,6.2,3.7,0.4,4.2,16.4,17.6,64.3,17.3
Kelly Oubre Jr.,CHA,27,6-6,203,Kansas,USA,2015,1,15,48,20.3,5.2,1.1,-7.7,3.8,12.1,25.7,53.4,5.7
Kemba Walker,DAL,33,6-0,184,Connecticut,USA,2011,1,9,9,8,1.8,2.1,-1.9,2,9,21.5,54.3,21.6
Kendall Brown,IND,20,6-7,205,Baylor,USA,2022,2,48,6,1.5,1,0.5,8.2,5.1,8.9,9.3,57.1,9.1
Kendrick Nunn,WAS,27,6-3,190,Oakland,USA,Undrafted,Undrafted,Undrafted,70,7.1,1.6,1.3,-2.3,1.5,9,22.7,53,13.7
Kennedy Chandler,MEM,20,5-11,170,Tennessee,USA,2022,2,38,36,2.2,1.1,1.6,-5.4,2.9,10.3,15,44,27.8
Kenneth Lofton Jr.,MEM,20,6-6,275,Louisiana Tech,USA,Undrafted,Undrafted,Undrafted,24,5,2.1,0.8,-13.4,9.7,19.8,26.7,57.2,19.8
Kenrich Williams,OKC,28,6-6,210,TCU,USA,Undrafted,Undrafted,Undrafted,53,8,4.9,2,4.1,7.5,13.7,13.4,58.5,11.7
Kentavious Caldwell-Pope,DEN,30,6-5,204,Georgia,USA,2013,1,8,76,10.8,2.7,2.4,9.8,1.6,7.4,13.6,59.8,9.2
Kenyon Martin Jr.,HOU,22,6-7,215,None,USA,2020,2,52,82,12.7,5.5,1.5,-8,5.2,14.3,16,63.5,7.9
Keon Ellis,SAC,23,6-3,175,Alabama,USA,Undrafted,Undrafted,Undrafted,16,1.5,0.5,0.4,-14.3,5.6,6.3,12.4,62.9,13.6
Keon Johnson,POR,21,6-3,185,Tennessee,USA,2021,1,21,40,4.7,1.1,1.5,-16.2,2.5,8.6,23.7,48.2,22.6
Kessler Edwards,SAC,22,6-7,203,Pepperdine,USA,2021,2,44,36,2.8,1.7,0.6,2.2,5.9,10.2,11.9,50.2,7.3
Kevin Durant,PHX,34,6-10,240,Texas,USA,2007,1,2,47,29.1,6.7,5,6.8,1.2,16.6,30.5,67.7,22.8
Kevin Huerter,SAC,24,6-7,198,Maryland,USA,2018,1,19,75,15.2,3.3,2.9,4.5,2,10,19.7,61.7,13.7
Kevin Knox II,POR,23,6-7,215,Kentucky,USA,2018,1,9,63,6.6,2.8,0.5,-11.4,3.3,15.2,17.5,57.9,5.3
Kevin Love,MIA,34,6-8,251,UCLA,USA,2008,1,5,62,8.2,6.4,1.9,3.9,5,28.7,18.5,54.8,13.1
Kevin Porter Jr.,HOU,23,6-4,203,Southern California,USA,2019,1,30,59,19.2,5.3,5.7,-8.3,3.6,11.7,23.9,56.5,26
Kevon Harris,ORL,25,6-6,216,Stephen F. Austin,USA,Undrafted,Undrafted,Undrafted,34,4.1,2.1,0.5,0.3,5.7,9.2,12.9,56.4,4.9
Kevon Looney,GSW,27,6-9,222,UCLA,USA,2015,1,30,82,7,9.3,2.5,4.4,13.5,23.4,10.4,63.9,13.6
Khem Birch,SAS,30,6-8,233,UNLV,Canada,Undrafted,Undrafted,Undrafted,20,2.2,1.3,0.4,2.8,5.1,11.8,11.3,62.9,6.3
Khris Middleton,MIL,31,6-7,222,Texas A&M,USA,2012,2,39,33,15.1,4.2,4.9,6.1,3.4,12.2,25.9,55.1,28.8
Killian Hayes,DET,21,6-5,195,None,France,2020,1,7,76,10.3,2.9,6.2,-10.9,1.2,9.2,20.1,45.5,32.5
Kira Lewis Jr.,NOP,22,6-1,170,Alabama,USA,2020,1,13,25,4.6,1.3,0.9,11.2,2.1,10.9,19.2,58.4,13.7
Klay Thompson,GSW,33,6-6,220,Washington State,USA,2011,1,11,69,21.9,4.1,2.4,2.9,1.7,10.1,25.6,57.6,10.5
Kobi Simmons,CHA,25,6-5,180,Arizona,USA,Undrafted,Undrafted,Undrafted,5,1,0.8,1,-34.9,3.6,8.8,11.9,36.3,31.3
Kris Dunn,UTA,29,6-3,205,Providence,USA,2016,1,5,22,13.2,4.5,5.6,-4.3,1.5,14.8,19.5,60.6,31.5
Kristaps Porzingis,WAS,27,7-3,240,None,Latvia,2015,1,4,65,23.2,8.4,2.7,1.4,5.7,19.4,27.2,62.7,12.5
Kyle Anderson,MIN,29,6-9,230,UCLA,USA,2014,1,30,69,9.4,5.3,4.9,2.3,3.5,15.2,14.3,58.3,22.5
Kyle Kuzma,WAS,27,6-9,221,Utah,USA,2017,1,27,64,21.2,7.2,3.7,0.3,2.5,17.2,27.3,54.4,16.4
Kyle Lowry,MIA,37,6-0,196,Villanova,USA,2006,1,24,55,11.2,4.1,5.1,1.1,2.5,11.2,16.2,56.5,23.3
Kyrie Irving,DAL,31,6-2,195,Duke,Australia,2011,1,1,60,27.1,5.1,5.5,4.7,2.9,10.7,28.6,61.3,23.3
LaMelo Ball,CHA,21,6-7,180,None,USA,2020,1,3,36,23.3,6.4,8.4,-4.7,3.1,14.7,28.9,54.1,35.2
Lamar Stevens,CLE,25,6-6,230,Penn State,USA,Undrafted,Undrafted,Undrafted,62,5.3,3.3,0.5,1.2,4.6,14.5,13.6,52.4,4
Landry Shamet,PHX,26,6-4,190,Wichita State,USA,2018,1,26,40,8.7,1.7,2.3,2.2,1.3,7,18.6,53.7,16.7
Larry Nance Jr.,NOP,30,6-8,245,Wyoming,USA,2015,1,27,65,6.8,5.4,1.8,6.7,8.1,18.4,11.8,64.9,11.7
Lauri Markkanen,UTA,26,7-0,240,Arizona,Finland,2017,1,7,66,25.6,8.6,1.9,3.8,5.5,18.3,25.9,64.1,8.6
LeBron James,LAL,38,6-9,250,None,USA,2003,1,1,55,28.9,8.3,6.8,4.6,3.3,19.1,32.2,58.3,30.8
Leandro Bolmaro,UTA,22,6-6,200,None,Argentina,2020,1,23,14,0.4,0.5,0.5,0.7,5.1,4,15.5,15,12.1
Lester Quinones,GSW,22,6-4,208,Memphis,USA,Undrafted,Undrafted,Undrafted,4,2.5,0.8,0.5,14.6,7.1,8.7,28.3,65.4,12.5
Lindell Wigginton,MIL,25,6-1,189,Iowa State,Canada,2019,,,7,7.1,1,2,-20.2,0,7.7,25.1,61,26.4
Lindy Waters III,OKC,25,6-6,210,Oklahoma State,USA,Undrafted,Undrafted,Undrafted,41,5.2,1.8,0.7,10.5,2.8,10.3,14.8,57.3,7.1
Lonnie Walker IV,LAL,24,6-4,204,Miami,USA,2018,1,18,56,11.7,1.9,1.1,-7.3,1.1,6.9,19.8,57,7.1
Louis King,PHI,24,6-7,205,Oregon,USA,Undrafted,Undrafted,Undrafted,1,20,4,2,5.2,6.7,7.4,20.5,74.4,9.1
Luguentz Dort,OKC,24,6-4,220,Arizona State,Canada,Undrafted,Undrafted,Undrafted,74,13.7,4.6,2.1,0.9,5.3,9.2,19.4,51.3,9
Luka Doncic,DAL,24,6-7,230,None,Slovenia,2018,1,3,66,32.4,8.6,8,2.1,2.4,22.4,36.8,60.9,40.8
Luka Garza,MIN,24,6-10,243,Iowa,USA,2021,2,52,28,6.5,2.3,0.6,2,13,12.8,24.5,65.2,10.3
Luka Samanic,UTA,23,6-10,227,None,Croatia,2019,1,19,7,9.9,4.3,2.1,-1.7,0,16.1,19.3,55,11.5
Luke Kennard,MEM,26,6-5,206,Duke,USA,2017,1,12,59,9.3,2.7,1.5,7.3,1.2,10.4,14.4,68.4,9.1
Luke Kornet,BOS,27,7-2,250,Vanderbilt,USA,Undrafted,Undrafted,Undrafted,69,3.8,2.9,0.8,3.9,10.6,12.5,11.1,69.7,9.3
Mac McClung,PHI,24,6-2,185,Texas Tech,USA,Undrafted,Undrafted,Undrafted,2,12.5,5,4.5,19.6,7.3,15.2,24.3,56.3,29
Malachi Flynn,TOR,25,6-1,175,San Diego State,USA,2020,1,29,53,4.6,1.4,1.3,-3.5,1.9,9.7,16.8,47.9,14.5
Malaki Branham,SAS,20,6-4,180,Ohio State,USA,2022,1,20,66,10.2,2.7,1.9,-11.1,1.7,9.8,18.8,52.4,11.2
Malcolm Brogdon,BOS,30,6-4,229,Virginia,USA,2016,2,36,67,14.9,4.2,3.7,5.1,2.4,13.2,22.3,61.5,22.3
Malcolm Hill,CHI,27,6-6,220,Illinois,USA,Undrafted,Undrafted,Undrafted,5,1,0.6,0,39.1,0,21.4,16.7,62.5,0
Malik Beasley,LAL,26,6-4,187,Florida State,USA,2016,1,19,81,12.7,3.5,1.5,-2.2,1.6,11.6,20.7,53.1,8.6
Malik Monk,SAC,25,6-3,200,Kentucky,USA,2017,1,11,77,13.5,2.6,3.9,1,1.9,9.7,24.7,58.7,25.8
Mamadi Diakite,CLE,26,6-9,228,Virginia,Guinea,Undrafted,Undrafted,Undrafted,22,2.6,1.4,0.4,0.7,5.1,13.3,16.4,56,7
MarJon Beauchamp,MIL,22,6-7,199,None,USA,2022,1,24,52,5.1,2.2,0.7,-7.2,5,10.3,17.5,51.3,7.2
Marcus Morris Sr.,LAC,33,6-8,218,Kansas,USA,2011,1,14,65,11.2,4,1.8,-0.3,1.7,12.7,17.6,53.4,9
Marcus Smart,BOS,29,6-4,220,Oklahoma State,USA,2014,1,6,61,11.5,3.1,6.3,6.3,2.4,7.3,17.6,53.8,25.6
Mark Williams,CHA,21,7-0,240,Duke,USA,2022,1,15,43,9,7.1,0.4,-4.7,10.6,23.2,16.8,65.9,3.3
Markelle Fultz,ORL,25,6-4,209,Washington,USA,2017,1,1,60,14,3.9,5.7,-3.7,3.8,9.5,20.8,56.4,29
Markieff Morris,DAL,33,6-9,245,Kansas,USA,2011,1,13,35,3.8,2,0.9,1.7,3.7,15,15.9,55.3,11.4
Marko Simonovic,CHI,23,7-0,220,None,Montenegro,2020,2,44,7,0.9,0.3,0,27.3,4.3,5.9,14.5,38.1,0
Marvin Bagley III,DET,24,6-10,235,Duke,USA,2018,1,2,42,12,6.4,0.9,-10.6,9.1,17.9,20.2,58.7,5.8
Mason Plumlee,LAC,33,7-0,254,Duke,USA,2013,1,22,79,10.8,8.9,3.1,-5.9,10.5,23.8,14.9,68.9,16.6
Matisse Thybulle,POR,26,6-5,201,Washington,USA,2019,1,20,71,4.1,2,0.7,-0.5,3.2,8.5,10.2,55.2,5.9
Matt Ryan,MIN,26,6-6,215,Tennessee-Chattanooga,USA,Undrafted,Undrafted,Undrafted,34,3.6,0.8,0.5,2.2,1.3,6.7,15.7,53.8,6.8
Matthew Dellavedova,SAC,32,6-3,200,St. Mary's,Australia,Undrafted,Undrafted,Undrafted,32,1.5,0.4,1.3,-8.8,0.5,5.4,12.2,44.3,27.9
Max Christie,LAL,20,6-5,190,Michigan State,USA,2022,2,35,41,3.1,1.8,0.5,-7.1,1.2,12.6,10,56.6,5.4
Max Strus,MIA,27,6-5,215,DePaul,USA,Undrafted,Undrafted,Undrafted,80,11.5,3.2,2.1,-3.8,2.1,9.7,17,55.7,11.5
Maxi Kleber,DAL,31,6-10,240,None,Germany,Undrafted,Undrafted,Undrafted,37,5.9,3.6,1.4,-2.9,3.3,11.6,10,59.2,7.9
McKinley Wright IV,DAL,24,5-11,192,Colorado,USA,Undrafted,Undrafted,Undrafted,27,4.2,1.7,2.1,-14.9,2.6,10.9,16,53.6,27.5
Meyers Leonard,MIL,31,7-0,260,Illinois,USA,2012,1,11,9,4.8,3.8,0.1,-12.5,10.3,19.5,14,65.2,1.2
Mfiondu Kabengele,BOS,25,6-10,250,Florida State,Canada,2019,1,27,4,1.5,2.5,0,-6.9,13.2,15.2,10.7,38.1,0
Micah Potter,UTA,25,6-8,248,Wisconsin,USA,Undrafted,Undrafted,Undrafted,7,3.4,2.3,0.6,-4.2,4.6,22,12.1,80,13.3
Michael Carter-Williams,ORL,31,6-5,190,Syracuse,USA,2013,1,11,4,4.3,1.3,1.8,-32.4,2.1,12.5,19.1,49.8,28
Michael Foster Jr.,PHI,20,6-8,250,None,USA,Undrafted,Undrafted,Undrafted,1,0,0,0,-100,0,0,0,0,0
Michael Porter Jr.,DEN,24,6-10,218,Missouri,USA,2018,1,14,62,17.4,5.5,1,10.4,3.8,15.1,22,62.1,4.8
Mikal Bridges,BKN,26,6-6,209,Villanova,USA,2018,1,10,83,20.1,4.4,3.3,0.8,2.6,9.4,22.3,58.7,14.1
Mike Conley,MIN,35,6-1,175,Ohio State,USA,2007,1,4,67,11.9,2.7,6.7,1.3,1.6,7.5,16.1,58.3,29.5
Mike Muscala,BOS,31,6-11,240,Bucknell,USA,2013,2,44,63,6.1,3.2,0.8,8.8,3.8,16.1,14.6,60.8,6.9
Miles McBride,NYK,22,6-2,195,West Virginia,USA,2021,2,36,64,3.5,0.8,1.1,3.6,1.6,4.7,14.1,47.5,13
Mitchell Robinson,NYK,25,7-0,240,Western Kentucky,USA,2018,2,36,59,7.4,9.4,0.9,7.3,16.4,17.8,10.1,65.2,4.4
Mo Bamba,LAL,25,7-0,231,Texas,USA,2018,1,6,49,6.6,4.6,0.9,1.5,7.6,19.8,16.6,60.2,8.6
Monte Morris,WAS,27,6-2,183,Iowa State,USA,2017,2,51,62,10.3,3.4,5.3,0.1,1.6,10.6,15.5,57.9,24.9
Montrezl Harrell,PHI,29,6-7,240,Louisville,USA,2015,2,32,57,5.6,2.8,0.6,2.2,10,13.3,17.8,63.1,7.3
Moritz Wagner,ORL,26,6-11,245,Michigan,Germany,2018,1,25,57,10.5,4.5,1.5,-1.1,6,17.2,20.1,63,11.5
Moses Brown,BKN,23,7-2,245,UCLA,USA,Undrafted,Undrafted,Undrafted,36,4.3,3.9,0.1,3.5,16.5,26.2,18.8,60.7,2.1
Moses Moody,GSW,21,6-5,211,Arkansas,USA,2021,1,14,63,4.8,1.7,0.8,-0.6,3.4,9.1,14.1,60.3,8.5
Moussa Diabate,LAC,21,6-10,210,Michigan,France,2022,2,43,22,2.7,2.3,0.2,-3.2,13.7,10.6,12.5,54.6,2.9
Myles Turner,IND,27,6-11,250,Texas,USA,2015,1,11,62,18,7.5,1.4,-1.2,4.9,20.5,22.5,65.1,7.4
Naji Marshall,NOP,25,6-7,220,Xavier,USA,Undrafted,Undrafted,Undrafted,77,9.1,3.6,2.5,-0.1,2.7,13.2,17.2,53.9,14.7
Nassir Little,POR,23,6-5,220,North Carolina,USA,2019,1,25,54,6.6,2.6,0.9,-8.8,2.8,12.2,15.8,55.5,7.5
Nathan Knight,MIN,25,6-8,253,William & Mary,USA,Undrafted,Undrafted,Undrafted,38,3.7,1.5,0.3,-2.3,7.2,11.8,17.7,65.5,6.5
Naz Reid,MIN,23,6-9,264,Louisiana State,USA,Undrafted,Undrafted,Undrafted,68,11.5,4.9,1.1,-4.2,5.8,20.5,24.2,61.7,9.8
Neemias Queta,SAC,23,7-0,248,Utah State,Portugal,2021,2,39,5,2.4,2.2,0.2,-43.5,13.5,21.4,14.1,60.7,6.7
Nerlens Noel,BKN,29,6-10,220,Kentucky,USA,2013,1,6,17,2.1,2.7,0.6,-16.8,4.7,18.9,11.3,42.4,7.4
Nic Claxton,BKN,24,6-11,215,Georgia,USA,2019,2,31,76,12.6,9.2,1.9,3.7,8.8,21.3,15.5,69.1,9.1
Nick Richards,CHA,25,7-0,245,Kentucky,Jamaica,2020,2,42,65,8.2,6.4,0.6,-4.5,11.3,21,15.1,67.6,4.6
Nickeil Alexander-Walker,MIN,24,6-5,205,Virginia Tech,Canada,2019,1,17,59,6.2,1.7,1.8,-2,1.7,9.5,17.7,56.5,16.8
Nicolas Batum,LAC,34,6-8,230,None,France,2008,1,25,78,6.1,3.8,1.6,4.5,3.6,13.5,11.1,59.4,9.5
Nikola Jokic,DEN,28,6-11,284,None,Serbia,2014,2,41,69,24.5,11.8,9.8,12.5,8,28.3,26.3,70.1,41.2
Nikola Jovic,MIA,19,6-10,205,None,Serbia,2022,1,27,15,5.5,2.1,0.7,-3.5,4.3,11.9,18.5,53,7.6
Nikola Vucevic,CHI,32,6-10,260,Southern California,Montenegro,2011,1,16,82,17.6,11,3.2,-0.5,6.2,27.4,21.8,59.4,14.6
Noah Vonleh,BOS,27,6-10,257,Indiana,USA,2014,1,9,23,1.1,2.1,0.3,-1.4,11,17.4,9,50.2,5.1
Norman Powell,LAC,30,6-4,215,UCLA,USA,2015,2,46,60,17,2.9,1.8,-3.8,1.5,9.3,25.1,61.2,11.5
O.G. Anunoby,TOR,25,6-7,232,Indiana,United Kingdom,2017,1,23,67,16.8,5,2,3,3.7,11,19.2,58.6,8
Obi Toppin,NYK,25,6-9,220,Dayton,USA,2020,1,8,67,7.4,2.8,1,2.4,2.6,13.9,18.7,56.5,9.1
Ochai Agbaji,UTA,23,6-5,215,Kansas,USA,2022,1,14,59,7.9,2.1,1.1,-0.2,3.4,5.8,15.4,56.1,7.2
Olivier Sarr,OKC,24,6-11,240,Kentucky,France,Undrafted,Undrafted,Undrafted,9,4,3.4,0.4,6.8,9,14.7,13,54.4,4.8
Omer Yurtseven,MIA,24,6-11,275,Georgetown,Turkey,Undrafted,Undrafted,Undrafted,9,4.4,2.6,0.2,1.7,8.9,17.9,15.9,67.5,3.5
Onyeka Okongwu,ATL,22,6-9,240,Southern California,USA,2020,1,6,80,9.9,7.2,1,1.8,11.7,19,15,67.8,6
Orlando Robinson,MIA,22,6-10,235,Fresno State,USA,Undrafted,Undrafted,Undrafted,31,3.7,4.1,0.8,3.8,10.8,20.1,11.6,56.5,8.6
Oshae Brissett,IND,24,6-7,210,Syracuse,Canada,Undrafted,Undrafted,Undrafted,65,6.1,3.4,0.7,0.6,5.4,14.4,15.5,52,5.5
Otto Porter Jr.,TOR,30,6-8,198,Georgetown,USA,2013,1,3,8,5.5,2.4,1,-5,3.8,9.6,10.4,65.6,7.8
Ousmane Dieng,OKC,20,6-9,185,None,France,2022,1,11,39,4.9,2.7,1.2,2.9,3,14.1,15.4,50.5,10.8
P.J. Tucker,PHI,38,6-5,245,Texas,USA,2006,2,35,75,3.5,3.9,0.8,4,5.5,10.8,6.6,56.6,4
P.J. Washington,CHA,24,6-7,230,Kentucky,USA,2019,1,12,73,15.7,4.9,2.4,-7.2,2.8,11.8,20,54.2,10.7
PJ Dozier,SAC,26,6-6,205,South Carolina,USA,Undrafted,Undrafted,Undrafted,16,1.4,0.9,0.6,-12.9,1.2,17.1,20.3,33.3,19.6
Paolo Banchero,ORL,20,6-10,250,Duke,USA,2022,1,1,72,20,6.9,3.7,-4.2,3.5,17.4,27.2,52.9,17.1
Pascal Siakam,TOR,29,6-8,230,New Mexico State,Cameroon,2016,1,27,71,24.2,7.8,5.8,2.4,4.7,17.7,27,56.5,24.4
Pat Connaughton,MIL,30,6-5,209,Notre Dame,USA,2015,2,41,61,7.6,4.6,1.3,3.4,3.3,14.4,13.3,53.1,6.9
Patrick Baldwin Jr.,GSW,20,6-9,220,Wisconsin-Milwaukee,USA,2022,1,28,31,3.9,1.3,0.4,-12.3,0.4,18.8,22.7,54.6,8.3
Patrick Beverley,CHI,34,6-2,180,Arkansas,USA,2009,2,42,67,6.2,3.7,2.9,-1.5,2.5,11.1,10.7,53.4,13.7
Patrick Williams,CHI,21,6-7,215,Florida State,USA,2020,1,4,82,10.2,4,1.2,-2.4,3.6,10.7,15.6,57.6,5.9
Patty Mills,BKN,34,6-0,180,St. Mary's,Australia,2009,2,55,40,6.2,1.1,1.4,-5.8,1.4,6.2,18.2,55.4,13.6
Paul George,LAC,33,6-8,220,Fresno State,USA,2010,1,10,56,23.8,6.1,5.1,4,2.5,15.3,29.4,58.8,23.7
Paul Reed,PHI,23,6-9,210,DePaul,USA,2020,2,58,69,4.2,3.8,0.4,-0.4,14.7,20.7,15.2,62,5.1
Payton Pritchard,BOS,25,6-1,195,Oregon,USA,2020,1,26,48,5.6,1.8,1.3,1.4,3.8,9.4,19.3,53.6,15.3
Peyton Watson,DEN,20,6-7,200,UCLA,USA,2022,1,30,23,3.3,1.6,0.5,-12,4.3,13.9,17.4,55.3,8.7
Precious Achiuwa,TOR,23,6-8,225,Memphis,Nigeria,2020,1,20,55,9.2,6,0.9,-1.6,8.3,21.3,19,55.4,6.3
Quentin Grimes,NYK,23,6-5,210,Houston,USA,2021,1,25,71,11.3,3.2,2.1,4.4,2.2,8.5,14.2,61.9,9.6
Quenton Jackson,WAS,24,6-5,173,Texas A&M,USA,Undrafted,Undrafted,Undrafted,9,6.2,0.9,1.7,-6.7,1.4,4.4,16.4,54.2,15.5
R.J. Hampton,DET,22,6-4,175,None,USA,2020,1,24,47,6.4,1.9,1.1,-8.7,2.4,9.3,17.5,55.8,11
RJ Barrett,NYK,22,6-6,214,Duke,Canada,2019,1,3,73,19.6,5,2.8,-1.2,2.3,12.1,25.6,53.1,12.4
RaiQuan Gray,BKN,23,6-7,269,Florida State,USA,2021,2,59,1,16,9,7,-17.5,7.5,17.6,20.5,62.1,35
Raul Neto,CLE,31,6-2,180,None,Brazil,2013,2,47,48,3.3,1,1.6,1.4,2.2,7.1,13.3,62.8,22.6
Reggie Bullock,DAL,32,6-6,205,North Carolina,USA,2013,1,25,78,7.2,3.6,1.4,-1.8,1.4,11.2,9.8,57.7,6.3
Reggie Jackson,DEN,33,6-2,208,Boston College,USA,2011,1,24,68,10.2,2.1,3.4,-2.2,1.5,7.1,20.5,51.4,21.1
Richaun Holmes,SAC,29,6-8,235,Bowling Green,USA,2015,2,37,42,3.1,1.9,0.2,-9.3,8.2,14.9,13.2,66.8,4
Ricky Rubio,CLE,32,6-2,190,None,Spain,2009,1,5,33,5.2,2.1,3.5,3,1.5,11.2,17.2,44.2,29.5
Robert Covington,LAC,32,6-7,209,Tennessee State,USA,Undrafted,Undrafted,Undrafted,48,6,3.5,1.2,-1,3.8,16.4,14.9,58.4,10.5
Robert Williams III,BOS,25,6-9,237,Texas A&M,USA,2018,1,27,35,8,8.3,1.4,11.4,12.4,20.9,11.3,74.2,8.6
Robin Lopez,CLE,35,7-0,281,Stanford,USA,2008,1,15,37,3,1.4,0.5,-8.7,7.5,9.7,15.6,67.5,10.5
Rodney McGruder,DET,31,6-4,205,Kansas State,USA,Undrafted,Undrafted,Undrafted,32,5.7,2.3,0.9,-3.5,3.5,10.9,13.5,56.6,7.1
Romeo Langford,SAS,23,6-5,216,Indiana,USA,2019,1,14,43,6.9,2.7,1.2,-8.5,6,6.7,14.8,52.4,8
Ron Harper Jr.,TOR,23,6-5,245,Rutgers,USA,Undrafted,Undrafted,Undrafted,9,2.2,0.8,0.4,21.8,5.4,9.3,13.6,60.8,10.8
Royce O'Neale,BKN,29,6-6,226,Baylor,USA,Undrafted,Undrafted,Undrafted,76,8.8,5.1,3.7,2.1,2.5,12.9,13.6,53.8,15.5
Rudy Gay,UTA,36,6-8,250,Connecticut,USA,2006,1,8,56,5.2,2.9,1,2.9,3.8,14.8,17.4,47.3,9.5
Rudy Gobert,MIN,30,7-1,258,None,France,2013,1,27,70,13.4,11.6,1.2,0.4,11.1,26,16.1,67.5,5.8
Rui Hachimura,LAL,25,6-8,230,Gonzaga,Japan,2019,1,9,63,11.2,4.5,0.9,-1.2,3.6,14.1,19.4,55.6,6
Russell Westbrook,LAC,34,6-3,200,UCLA,USA,2008,1,4,73,15.9,5.8,7.5,-0.2,4.2,14.7,26.6,51.3,36.4
Ryan Arcidiacono,POR,29,6-3,195,Villanova,USA,Undrafted,Undrafted,Undrafted,20,1.3,0.8,1.2,-12.8,0,9,10.6,35.1,19.5
Ryan Rollins,GSW,20,6-3,180,Toledo,USA,2022,2,44,12,1.9,1,0.5,-38.1,4.3,15.3,26,50.8,21.4
Saben Lee,PHX,23,6-2,183,Vanderbilt,USA,2020,2,38,25,6,1.8,2.7,-4.4,3,8.2,18.4,51.7,27.8
Saddiq Bey,ATL,24,6-7,215,Villanova,USA,2020,1,19,77,13.8,4.7,1.5,-3.1,4.4,12.7,19.4,56.4,8
Sam Hauser,BOS,25,6-7,217,Virginia,USA,Undrafted,Undrafted,Undrafted,80,6.4,2.6,0.9,7.7,2.7,12.1,14.1,63.4,7.6
Sam Merrill,CLE,27,6-4,205,Utah State,USA,2020,2,60,5,5,1.8,1,-3.3,0,16.7,17.7,54.6,14.3
Sandro Mamukelashvili,SAS,24,6-10,240,Seton Hall,Georgia,2021,2,54,43,6.1,4.3,1.4,-10.1,9.3,17.8,17.7,51.6,13.4
Santi Aldama,MEM,22,7-0,215,Loyola-Maryland,Spain,2021,1,30,77,9,4.8,1.3,2.6,4.7,16.2,15.7,59.1,7.6
Scottie Barnes,TOR,21,6-8,225,Florida State,USA,2021,1,4,77,15.3,6.6,4.8,3.2,6.3,13.5,20,52.4,19.5
Scotty Pippen Jr.,LAL,22,6-1,170,Vanderbilt,USA,Undrafted,Undrafted,Undrafted,6,2.3,0.7,0.3,-1.5,5,5.7,23.1,43.9,12.5
Serge Ibaka,MIL,33,6-11,235,None,Democratic Republic of the Congo,2008,1,24,16,4.1,2.8,0.3,-6.5,7.3,15.3,15.9,55.3,3.6
Seth Curry,BKN,32,6-1,185,Duke,USA,Undrafted,Undrafted,Undrafted,61,9.2,1.6,1.6,-3.5,1.1,7.1,18.8,59.3,12.1
Shaedon Sharpe,POR,20,6-5,200,Kentucky,Canada,2022,1,7,80,9.9,3,1.2,-7.6,3.7,10.2,18.6,56.8,7.9
Shai Gilgeous-Alexander,OKC,24,6-6,195,Kentucky,Canada,2018,1,11,68,31.4,4.8,5.5,2.7,2.3,10.9,31.8,62.6,24.9
Shake Milton,PHI,26,6-5,205,Southern Methodist,USA,2018,2,54,76,8.4,2.5,3.2,3.9,2.6,9.6,17.5,57.5,21.3
Shaquille Harrison,LAL,29,6-4,195,Tulsa,USA,Undrafted,Undrafted,Undrafted,5,8.8,4.4,6,-0.4,0.8,18.4,16.2,51.6,30.6
Simone Fontecchio,UTA,27,6-7,209,None,Italy,Undrafted,Undrafted,Undrafted,52,6.3,1.7,0.8,-13.1,3.6,7,19.2,49.5,7.9
Skylar Mays,POR,25,6-4,205,Louisiana State,USA,2020,2,50,6,15.3,3.2,8.3,-16.3,1,9.7,18.2,62.4,36.8
Spencer Dinwiddie,BKN,30,6-5,215,Colorado,USA,2014,2,38,79,17.3,3.4,6.5,-0.1,1,9.2,22,57.3,29.7
Stanley Johnson,SAS,27,6-6,242,Arizona,USA,2015,1,8,30,5.8,3.2,2.2,-7,4.7,15,14.8,62.5,17.9
Stanley Umude,DET,24,6-6,210,Arkansas,USA,Undrafted,Undrafted,Undrafted,1,2,0,0,95,0,0,50,53.2,0
Stephen Curry,GSW,35,6-2,185,Davidson,USA,2009,1,7,56,29.4,6.1,6.3,5.8,2,14.7,29.7,65.6,27.4
Sterling Brown,LAL,28,6-5,219,Southern Methodist,USA,2017,2,46,4,0,2,0.5,0.4,9.1,15.2,6.1,0,7.7
Steven Adams,MEM,29,6-11,265,Pittsburgh,New Zealand,2013,1,12,42,8.6,11.5,2.3,9.7,17.1,22.2,13.9,56.4,10.7
Svi Mykhailiuk,CHA,25,6-7,205,Kansas,Ukraine,2018,2,47,32,6.9,1.7,1.7,1,3.2,7.9,19.1,58.4,16.7
T.J. McConnell,IND,31,6-1,190,Arizona,USA,2015,0,,75,8.7,3.1,5.3,-2.4,2.8,12.3,18.2,59,39
T.J. Warren,PHX,29,6-8,220,North Carolina State,USA,2014,1,14,42,7.5,2.9,1,4.4,3.8,13.1,18.5,55,8.1
Taj Gibson,WAS,37,6-9,232,Southern California,USA,2009,1,26,49,3.4,1.9,0.7,-1.1,6.8,14.3,15.1,58.5,9.4
Talen Horton-Tucker,UTA,22,6-4,234,Iowa State,USA,2019,2,46,65,10.7,3.2,3.8,0.1,3,11.7,25,50.8,27.4
Tari Eason,HOU,22,6-8,215,Louisiana State,USA,2022,1,17,82,9.3,6,1.1,-4.8,10.1,17.2,18.4,52.5,7.5
Taurean Prince,MIN,29,6-6,218,Baylor,USA,2016,1,12,54,9.1,2.4,1.6,0.9,1.3,9.6,16.5,59.7,9.4
Terance Mann,LAC,26,6-5,215,Florida State,USA,2019,2,48,81,8.8,3.4,2.3,0.3,4.2,10.7,14.9,61.9,13.9
Terence Davis,SAC,26,6-4,201,Mississippi,USA,Undrafted,Undrafted,Undrafted,64,6.7,2.2,1,4,2.4,14,21.5,56.3,11
Terrence Ross,PHX,32,6-7,206,Washington,USA,2012,1,8,63,8.3,2.4,1.5,-2.6,1.6,9.9,16.6,54.4,10.1
Terry Rozier,CHA,29,6-1,190,Louisville,USA,2015,1,16,63,21.1,4.1,5.1,-6.2,2.1,9.5,26.2,51.7,22
Terry Taylor,CHI,23,6-4,230,Austin Peay,USA,Undrafted,Undrafted,Undrafted,31,2.9,1.5,0.3,4.5,8.8,7.6,12.9,55.7,5.2
Thaddeus Young,TOR,34,6-8,235,Georgia Tech,USA,2007,1,12,54,4.4,3.1,1.4,-5.6,8.3,13.6,13.1,57.3,13.3
Thanasis Antetokounmpo,MIL,30,6-7,219,None,Greece,2014,2,51,37,1.4,1.2,0.4,-26.6,7.5,13.9,13.8,45.8,11.5
Theo Maledon,CHA,21,6-5,175,None,France,2020,2,34,44,6.7,2.8,3.5,-8.9,1.6,12.8,16.6,51.5,24.7
Theo Pinson,DAL,27,6-7,212,North Carolina,USA,Undrafted,Undrafted,Undrafted,40,2.4,1.6,1.2,-7.6,2.9,16.3,13.6,51.2,19.6
Thomas Bryant,DEN,25,6-10,248,Indiana,USA,2017,2,42,59,9.8,5.7,0.5,-4.7,8.1,22.3,18.1,68.2,4.2
Tim Hardaway Jr.,DAL,31,6-5,205,Michigan,USA,2013,1,24,71,14.4,3.5,1.8,3.4,1,10.8,20.1,55.4,8.8
Tobias Harris,PHI,30,6-7,226,Tennessee,USA,2011,1,19,74,14.7,5.7,2.5,5.5,3,15,18,60.2,11.4
Tony Bradley,CHI,25,6-11,248,North Carolina,USA,2017,1,28,12,1.6,0.9,0.1,9.9,2.9,27.8,17.4,69,4.2
Torrey Craig,PHX,32,6-7,221,South Carolina Upstate,USA,Undrafted,Undrafted,Undrafted,79,7.4,5.4,1.5,-3.7,7.3,14.6,12.8,56.6,8
Trae Young,ATL,24,6-1,164,Oklahoma,USA,2018,1,5,73,26.2,3,10.2,1.3,2.1,6.2,31.3,57.3,41.4
Tre Jones,SAS,23,6-1,185,Duke,USA,2020,2,41,68,12.9,3.6,6.6,-7.8,2.6,9.9,18.9,53.4,30.6
Tre Mann,OKC,22,6-3,178,Florida,USA,2021,1,18,67,7.7,2.3,1.8,1,2.1,10.4,20,49.2,14.4
Trendon Watford,POR,22,6-8,237,Louisiana State,USA,Undrafted,Undrafted,Undrafted,62,7.4,3.8,2.1,-7.1,3.7,17.3,15.8,62.5,16.2
Trent Forrest,ATL,24,6-4,210,Florida State,USA,Undrafted,Undrafted,Undrafted,23,2.3,1.6,1.7,-10.1,1.8,11.7,11.6,42.4,18.6
Trevelin Queen,IND,26,6-6,190,New Mexico State,USA,Undrafted,Undrafted,Undrafted,7,3,2.4,0.9,9.2,8.6,13.8,19.4,33.7,10.9
Trevor Hudgins,HOU,24,6-0,180,Northwest Missouri State,USA,Undrafted,Undrafted,Undrafted,5,1.8,0,0.6,7,0,0,17.7,43.6,17.6
Trevor Keels,NYK,19,6-4,221,Duke,USA,2022,2,42,3,1,0.7,0,-94.7,0,25,21.1,37.5,0
Trey Lyles,SAC,27,6-9,234,Kentucky,Canada,2015,1,12,74,7.6,4.1,0.9,4,5.4,18.4,17.4,60.7,7.3
Trey Murphy III,NOP,22,6-8,206,Virginia,USA,2021,1,17,79,14.5,3.6,1.4,0.5,2.5,9.2,15.9,65,6.3
Troy Brown Jr.,LAL,23,6-7,215,Oregon,USA,2018,1,15,76,7.1,4.1,1.3,-0.5,3.3,12.3,11.9,56.1,6.7
Ty Jerome,GSW,25,6-5,195,Virginia,USA,2019,1,24,45,6.9,1.7,3,-5.6,0.9,9.1,14.7,59.4,23.3
TyTy Washington Jr.,HOU,21,6-3,195,Kentucky,USA,2022,1,29,31,4.7,1.5,1.5,-6.1,0.4,9.9,17,43.2,15.2
Tyler Dorsey,DAL,27,6-4,180,Oregon,USA,2017,2,41,3,3,0.7,0,7,10,10,22.7,90,0
Tyler Herro,MIA,23,6-5,195,Kentucky,USA,2019,1,13,67,20.1,5.4,4.2,2.7,1.2,15.4,25,56.6,19
Tyrese Haliburton,IND,23,6-5,185,Iowa State,USA,2020,1,12,56,20.7,3.7,10.4,-1,1.8,9.2,23.8,62.4,45.7
Tyrese Martin,ATL,24,6-6,215,Connecticut,USA,2022,2,51,16,1.3,0.8,0.1,2.3,6.5,10.9,16.4,44,4.4
Tyrese Maxey,PHI,22,6-2,200,Kentucky,USA,2020,1,21,60,20.3,2.9,3.5,5.4,1.2,7.9,23.6,60.5,16.7
Tyus Jones,MEM,27,6-2,196,Duke,USA,2015,1,24,80,10.3,2.5,5.2,2,1.4,8.4,17.5,54.6,28.6
Udoka Azubuike,UTA,23,6-11,270,Kansas,Nigeria,2020,1,27,36,3.5,3.3,0.3,-11.7,8.2,22.4,11.3,77.4,4.3
Udonis Haslem,MIA,42,6-7,235,Florida,USA,Undrafted,Undrafted,Undrafted,7,3.9,1.6,0,-11.8,4.7,10.1,18.5,43.3,0
Usman Garuba,HOU,21,6-8,229,None,Spain,2021,1,23,75,3,4.1,0.9,-12.2,11,19.4,9.9,56.9,9.6
Vernon Carey Jr.,UTA,22,6-10,270,Duke,USA,2020,2,32,11,0.5,1,0.3,-17.3,8.1,29.6,14.7,33.8,21.4
Victor Oladipo,MIA,31,6-3,213,Indiana,USA,2013,1,2,42,10.7,3,3.5,-1.5,1.4,10.9,20.4,51.3,20.6
Vince Williams Jr.,MEM,22,6-4,205,Virginia Commonwealth,USA,2022,2,47,15,2,1,0.3,-14.8,3,12,17.6,36.7,6.2
Vit Krejci,ATL,22,6-8,195,None,Czech Republic,2020,2,37,29,1.2,0.9,0.6,-1.8,3.6,12.5,10.8,47.5,13.7
Vlatko Cancar,DEN,26,6-8,236,None,Slovenia,2017,2,49,60,5,2.1,1.3,-3.9,2.7,11.9,13.4,60.6,12.5
Walker Kessler,UTA,21,7-0,245,Auburn,USA,2022,1,22,74,9.2,8.4,0.9,3,13.3,20.5,13,70.2,5.7
Wendell Carter Jr.,ORL,24,6-10,270,Duke,USA,2018,1,7,57,15.2,8.7,2.3,-0.8,7.4,22.1,20.4,62.1,11.9
Wendell Moore Jr.,MIN,21,6-5,215,Duke,USA,2022,1,26,29,1.4,0.6,0.6,-13.5,2.5,8.6,13.9,46.5,16.2
Wenyen Gabriel,LAL,26,6-9,205,Kentucky,South Sudan,Undrafted,Undrafted,Undrafted,68,5.5,4.2,0.5,-0.2,11.1,15.2,13.5,62.6,4.9
Wesley Matthews,MIL,36,6-5,220,Marquette,USA,Undrafted,Undrafted,Undrafted,52,3.4,2.2,0.7,2.8,4,8.7,9.5,51.9,5.3
Will Barton,TOR,32,6-5,181,Memphis,USA,2012,2,40,56,6.8,2.4,2,-8.4,1.4,12.5,18.2,49.3,16.2
Willy Hernangomez,NOP,29,6-11,250,None,Spain,2015,2,35,38,6.9,4.7,0.9,1.7,11.8,26.2,22.2,61,11.4
Xavier Cooks,WAS,27,6-8,183,Winthrop,Australia,Undrafted,Undrafted,Undrafted,10,3.8,3.8,0.6,7.4,11.3,15.2,12.7,58.6,6.1
Xavier Moon,LAC,28,6-0,165,Morehead State,USA,Undrafted,Undrafted,Undrafted,4,1.8,0.8,1.3,9.8,0,15,23.3,38.9,45.5
Xavier Sneed,CHA,25,6-5,215,Kansas State,USA,Undrafted,Undrafted,Undrafted,4,4.3,1.3,1.3,-24.8,0,8.5,13.6,72.3,16.7
Xavier Tillman,MEM,24,6-7,245,Michigan State,USA,2020,2,35,61,7,5,1.6,0.7,9.5,15.5,13.6,62.1,10.9
Yuta Watanabe,BKN,28,6-8,215,George Washington,Japan,Undrafted,Undrafted,Undrafted,58,5.6,2.4,0.8,-0.6,3.4,11.7,12.7,63.7,7.1
Zach Collins,SAS,25,6-11,250,Gonzaga,USA,2017,1,10,63,11.6,6.4,2.9,-7.5,7.6,19,20.9,59.9,18
Zach LaVine,CHI,28,6-5,200,UCLA,USA,2014,1,13,77,24.8,4.5,4.2,0.3,1.6,10.8,27.8,60.7,18.7
Zeke Nnaji,DEN,22,6-9,240,Arizona,USA,2020,1,22,53,5.2,2.6,0.3,-5.9,8.7,9.9,14.9,62,4
Ziaire Williams,MEM,21,6-9,185,Stanford,USA,2021,1,10,37,5.7,2.1,0.9,-5.2,2.8,10.5,17.8,51.1,8.6
Zion Williamson,NOP,22,6-6,284,Duke,USA,2019,1,1,29,26,7,4.6,7.8,6,14.8,28.8,65.2,23.1